Complexity,Loss,Equation
1,25.835016,"3.6207523"
3,2.6689868,"(x0 * x0)"
5,2.6503494,"(x0 * (x0 + 0.07108382))"
6,1.0370609,"((x0 * x0) + cos(x3))"
8,0.23416151,"((x0 * x0) + (cos(x3) * 2.3487632))"
10,1.7052359e-13,"(((x0 * x0) + (2.5382 * cos(x3))) + -0.5)"
